{"depthOfField": 1, "fStop": 1.0, "eye": [2.6982473045654194, 0.42895044869255433, 3.458722174624564], "name": "main", "focalLength": 0.03117689837932358, "fieldOfView": 30.279481563593293, "focusDistance": 4.146240183717604, "upDirection": [-0.0032649746986396933, 0.9999843033484809, -0.004553350071170856], "viewDirection": [-2.4160763684633064, -0.023231179379229864, -3.369472207205812]}