{"rightDirection": [1.0, 0.0, 0.0], "eye": [2.301051102931458, 1.3346053152958581, 2.969594925855983], "name": "main", "focalLength": 1.0, "fieldOfView": 60.72002602311528, "upDirection": [-0.08642035240278928, 0.9824985360547418, -0.16500954318119604], "viewDirection": [0.4558314840764406, 0.186270305336866, 0.8703568414589389]}