{"depthOfField": 1, "fStop": 2.0, "eye": [2.674876600745641, 1.1374447654119735, 3.611108384969302], "name": "main", "focalLength": 0.048, "fieldOfView": 41.11209043916693, "focusDistance": 4.153697575273378, "upDirection": [-0.0880984730535425, 0.984395246997431, -0.15233074783017747], "viewDirection": [-2.1820486274343853, -0.9614731833628629, -2.7589613371934774]}