{"depthOfField": 0, "rightDirection": [1.0, 0.0, 0.0], "eye": [4.565412655343267, 0.9831241124123579, -0.33352509805588715], "name": "main", "focalLength": 0.9999999999999999, "fieldOfView": 45.0, "upDirection": [-0.10115992420719597, 0.9946394728405692, -0.021424023941103165], "viewDirection": [0.9730568869083205, 0.1034036704737051, 0.2060775964845598]}
