{"rightDirection": [1.0, 0.0, 0.0], "eye": [0.9844590345691411, 0.8127892095754143, 2.4032754573674535], "name": "topShape", "fieldOfView": 54.432223114614956, "upDirection": [-0.030455042672363496, 0.9963643407457611, -0.07956501031288409], "viewDirection": [0.3561770232360303, 0.08519448626680505, 0.9305266399348573]}