{"depthOfField": 1, "fStop": 1.0, "eye": [1.2219554281353728, 0.7729374550807129, 2.9960608693118695], "name": "main", "focalLength": 0.048, "fieldOfView": 41.11209043916693, "focusDistance": 3.0167263153576473, "upDirection": [-0.010507080311664495, 0.9996144852846504, -0.025699845766612654], "viewDirection": [1.6002420437793667, 0.8007021954739426, 3.9213329134240373]}