{"depthOfField": 1, "fStop": 1.0, "eye": [2.483148603580692, 1.2489695746588951, 2.8859853171775054], "name": "main", "focalLength": 0.032, "fieldOfView": 58.71550708558254, "focusDistance": 4.153697583460459, "upDirection": [-0.08393193723938591, 0.9861840088360102, -0.14281642282097684], "viewDirection": [-2.075483634522755, -0.6880747765112267, -3.5315895004377977]}