{"rightDirection": [1.0, 0.0, 0.0], "eye": [3.0082574290126374, 0.6573356319217968, -0.4754476230285825], "name": "topShape", "fieldOfView": 54.432223114614956, "upDirection": [-0.06568203106768608, 0.9977899548721757, 0.0100536934011929], "viewDirection": [0.9863026905526224, 0.0664470161570982, -0.15096952226352367]}